location
Santa Rosa CA
Los Angeles CA
France
Los Angeles US
Edenton NC
3rd Rock From Sun
Anterior Cingulate
New York USA
Janes Universe
Dublin Ireland 
Madison WI
Federal Way WA
Federal Way WA
Earth
Oregon~Chicago~Boulder~NYC
Oregon~Chicago~Boulder~NYC
Bishop Tejas
somewhere on the planet
Los Angeles CA
Dublin City Ireland
Uries Reflection
Earth
Sydney New South Wales
PuertoRico Wisconsin & Global
Norway
Miami FL
Baltimore MD
Home
Northern California
Disneyland
Disneyland
Los Angeles CA USA
Washington USA
London England via Toronto
The Diva World
Land of the Free & the Brave
Land of the Free & the Brave
Miami
SA TX
Bedford Hills NY
Birmingham ~ Nottingham
Upstate New York USA
Toronto Ontario
United States
Chicago IL
Boston Mass.
Oklahoma USA
Buffalo NY
United States
Miami FL
Los Angeles via Brooklyn
Lewisburg TN
Newcastle Upon Tyne England
Miami FL
your moms house
LOZMSU
hell for the company
New York USA
The Resistance USA
Miami
New York NY
Washington DC and Baltimore MD
United Kingdom
Washington DC
North Carolina USA
Usually London UK
in a plane 
California born and bred
Fullerton CA.
Colombia
Reality
California USA
Michigan
ionosphere
Los Angeles CA
Utah USA
Gainesville FL
Berkeley CA USA
Miami Florida
Wappingers Falls NY
All over the world
California USA
FORGOTTEN MAN GOD BLESS YOU
California USA
Los Angeles California
Houston Texas 
San Jose CA
Frisco TX
College Station TX
Back in the Beltway 
Swamps of Texas
bellville Cape Town
Amsterdam gyal 
MeToo
NY NJ CA TX FL NV IL MI
Casa di Randi
London UK
Los Angeles CA
A Once-Great Nation
Los Angeles CA
United States
Los Angeles California
New York USA
New York
Lane 6
United States
Edinburgh Scotland
By the lake....
Cairo/Alberta
Melbourne Victoria
Snake Pit Central
London UK
DC Maryland and VA
Minneapolis MN
On the go
United States
Houston Texas
Baltimore MD
Chicago
Pukchòng North Korea 
North Las Vegas NV
LA
United States
Edmonton
NYC
LA & NYC
Sverige
Las Vegas Nevada
Midwest
Swansea Wales
Los Angeles
Almost Heaven West Virginia
Los Angeles California
France
PDX immigrant/interloper
EA6
Staffordshire United Kingdom
Hollywood Los Angeles
Edmonton AB Canada
Charlotte North Carolina
Florida USA
Gilbert AZ
Sag/Aftra OWNAmbassador in LA
Florida
Williamsburg Brooklyn
California 
Virginia USA
Central Europe
Plymouth NH
New York USA
Stockholm Sweden
Where The Wind Sweeps
Manchester NH
Montpellier France
LA GCS :266.405100 -28.936175
Print/TV/SocialMedia/Video
Wesley Chapel FL
Lane 6
Georgia USA
Florida USA
Outside of the male gaze
Atlanta GA
Louisville Kentucky
Rural NC 
Our News Our Voices
Carlsbad CA
SA TX
not far from a beach
Rowlett TX
United States of America
Planet Earth
United States
The BEACH inToronto
New Jersey
Switzerland
Ohio USA
North Carolina USA
United States
Seattle WA
Our mission is global peace.
Newport News VA
Missouri USA
SA TX
SA TX
Sydney New South Wales
The world in the Universe
USA
England
Schenectady NY
Florida USA
Lane 6
New York City
Toronto ON
Washington USA
Paris Ile-de-France
Paris
Land of the Free & the Brave
UK
Orlando FL
LA IL MA PA CA HI OR KW EU FL ...?
USA
France
Manhattan NY
United Kingdom
USA
All The Places You Cant Go
Nederland
SA TX
United States
South Carolina USA
Fort Collins CO
United States
Freedomville...a.k.a. America!
Burlington NC
Montreal CANADA
Probably at a McDonalds
New York USA
The theocratic province of N.I
Virginia USA
England United Kingdom
New Hampshire USA
SA TX
Southfield MI
Minnesota USA
Houston
Dublin Ireland 
Baltimore MD
London England
Lakewood CO
Los Angeles CA
U.S.A
NORTHWEST 
NJ
Minneapolis MN
Atlanta GA | London UK
Falls Church VA
Whistler British Columbia
United States
Pizza Rat Blvd
Chicago
amsterdam/rome
everywhere
on set
U.S.
Los Angeles CA
Chadds Ford PA
Layton UT
Our mission is global peace.
Chicago
Arlington VA
Zürich
Indianapolis Indiana
Arkansas
SA TX
Republiek Amsterdam
New Mexico USA
France
Albany NY
SA TX
Freedomtown USA
Texas
Monrovia CA
Galesburg IL
Denmark 
California USA
México
SA TX
Playerpalace 
United States
World Wide 
New York NY
Earth
Rotterdam The Netherlands
SA TX
Washington D.C.
San Francisco California
Keremeos BC
Earth
Weston FL
New York City
California
Oklahoma
Lane 6
Left of Center
West Coast
Montana USA
the netherlands
Northville MI
United States
Fayetteville NC
Ravenclaw com a batima
North Carolina USA
Cedar Rapids Iowa
Västerås Sweden
Adelaide South Australia
Camden Town London
Seattle
New York City
Edmonton Alberta
USA
Austin TX
Wisconsin
Cleveland OH
Canada
Ohio USA
where I want to be
Amsterdam North Holland
USA
Cincinnati OH
San Benito TX
British Columbia
Buenos Aires Argentina
Louisiana
NC/VA Mountains
San Diego
Wānaka Aotearoa - New Zealand
Orlando FL
DCA | JFK | SFO | LAX
Akron OH Vancouver Toronto
Victorville CA
North Carolina USA
North Carolina USA
South Bend IN
Brighton
The Milky Way
Robbinsdale MInnesota
USA
Los Angeles
Germany
Home 
Peoria AZ
France
Wherever I am
London England
Sydney Australia
Nottingham UK
she/her | INFP
Discord (Germany)
48.17680111.255382
muscatoman
New York USA
Barrie Ontario
Washington DC
denver
Toms River NJ
London
Maryland USA
West Midlands England
5 Hoskin Avenue Toronto
Sverige
Manchester UK
Barbados
Global
San Diego
Pinellas Park FL
Greensboro NC
Shreveport-Bossier LA
Long Island  NewYork
Fort Lauderdale FL
St. Catharines Ontario
Everywhere
Zurich Switzerland
Earth
Fort Lauderdale FL
You Bet California
Sverige
United States
Mostly at the gym lifting shit
Everywhere
Tennessee USA
Smithville TN
New York USA
New York Mills NY
Southeast South Dakota 
Sacramento CA
Minnesota USA
Arizona USA
Washington 
San Diego CA
Germany IStandWithStanaKatic
New York City
Tishomingo Oklahoma
Ocean City Maryland
 A Lady With A Purpose
SWEDEN
Port Charlotte FL
Brasil
Northville MI
denver
Washington DC
United States
Cambridge MA
clearwater florida
Saskatoon Saskatchewan
Dung Pits of Glyve
Southampton UK
Pittsburgh PA
Pittsburgh PA
Nebraska
Ireland
Rockies
Chicago USA
Sao Paulo Brazil
Republic of the Philippines
New York
Surigao City Philippines
Bates Motel 203
philadelphia
Los Angeles CA
Australia
Australia
Boston MA
Portland OR
Gainesville FL
Notts
Greensboro NC
New York NY
Gainesville FL
Pennsylvania
Oregon~Chicago~Boulder~NYC
Pembroke Ma.
Portland OR
Pennsylvania
BEVERLY HILLS CALIFORNIA USA
she/her in Rhode Island USA
Portland OR
Indianapolis
United States
NY
MA
Colorado USA
Columbus OH
BEVERLY HILLS CALIFORNIA USA
Albany NY
Portland OR
Sag/Aftra Los Angeles Ca
California USA
Adelaide
New Orleans LA
Minnesota USA
Dbq Ia
New York City
Los Angeles CA
Hamilton Ontario
Česká republika
Washington DC
Pasadena
Australia
Silicon Valley
Belgium
Patriots Nation
So Cal
New York New York
London UK
New Hampshire USA
Brazil Europe etc
Kenya
Boston MA  she/her/hers
Phoenix AZ
Chicago
London United Kingdom
LA
Portlandia
Vancouver BC
Tennessee USA
Pittsburgh
PA
Los Angeles CA
Canada
Chicago
ΜΟΛΩΝ ΛΑΒΕ  2A   MAGA Trump
some event horizon
Ohio USA
inglewood ca 
Manhattan NY
Northampton MA
Vancouver WA
New York NY
Los Angeles
Tysons Corner VA
Nomadic Nation
Circle 5 of Hell
mittenmang
the Durrty south ATL Georgia USA
United States
Earth
United States
Salt Lake City UT
Tysons Corner VA
Cahuenga
Florida USA
Oregon USA
Thessaloniki Greece
With the celestial bodies. . .
The Natural State
Canada
77449
Porto Portugal
United States
ÜT: 33.87572-
Ilk DreadIlk VFM GamerGate
Chicago IL
Detroit Based Publication
Norfolk Virginia
Ann Arbor MI
Earth
Pretoria RSA | WorldWide
Azusa CA
Bonn Germany
LSE United Kingdom
misha is life
Denver CO
San Diego
Tadworth
Wiesbaden
Vancouver Washington
Columbus OH
Noblesville IN
Crystal Minnesota
London UK
Orange County So Cal. StillWithHER
LondonUK
Haaalum
Los Angeles CA
Southern California
Los Angeles
Los Angeles
South Australia
Göteborg
Florida
Southampton England
London UK
Washington 
Switzerland
Montreal Quebec Canada
Tulsa
Marina del Rey CA
Washington DC
No Joe Arizona 
Wheaton IL
Clovis CA
Division No. 11 Saskatchewan
ישראל
The Milky Way
Washington DC
Tom Landry Middle School
Probably  Drill Practice
Ciudad de México
New York City
Htown
Melbourne
Bannalec France
New York City
Clovis CA
Foot
New York City
Greensboro NC
The Men With All The Brains
Livermore
Chaska MN
New York City
United Kingdom
An alternate cyberdimension
Fredericksburg Virginia
Fort Walton Beach FL
LA CA 
Florida USA
Calgary Alberta
Devon
Shrewsbury
Virginia USA
RI USA
Austin TX
CT
fbombsubmissionsgmail.com
Chiryu
North Carolina USA
Newport News VA
Colorado USA
Adelaide SA Australia
Charlotte North Carolina
Colorado USA
Cannon Falls Minnesota
H-Town
United States
Vienna VA
Lynnwood WA
Woburn MA
India
Scotland United Kingdom
Worldwide
where do you want us?
Boston MA
 California
United States
in your heart-souls
Canada/USA
Washington DC
Los Angeles & beyond
oklahoma
Denver CO
SF/LA/NY
Jacksonville FL
London England
Washington D.C.
I am not affiliated w/pk in CO
Nashville
boiling springs nc
New York
Joshua 1:9 XO’sBeLove 
Montserrat
California USA
for you Big Daddy
Duke Story Lab/舍我紀念館
Columbus OH
California USA
Slovak Republic
Barcelona
New England USA
The earth
Lorton VA
Afrika
http://hangofwednesday.podbean
Europe
Atlanta GA
Virginia USA
TEXAS!
Forest Grove OR.  pdx
USA
BLM
Paradise 
Often L.A.
Washington D.C.
Flemington NJ
Elevated Conciousness
New YorkNY
Canal 91 
Clayton MO
London UK
Washington USA
Bicester
Yarmouth NS
The Love Below
Washington USA
Bellevue KY
Canada
Boston MA
Ireland
New Orleans Louisiana 
Fairfax VA
Hackney London
Saratoga Wyoming 
California Dreamin
Minnesota 
Chicago Illinois
London
/ Panicale IT Cape Cod Ma.
Warwick RI
USA
Canada
Bellevue WA
Nashville TN & Washington DC
London  San Francisco  Sydney
UK/USA/Australia
Planet Earth 
California USA
USA
austin texas
US
Californias Capital
Pachuca de Soto Hidalgo
Washington D.C.
San Jose Ca
Finland
nw side/chicago/midwest/rust b
N.Wales
Saint Louis Missouri
United States
Laramie WY
Ireland
Home
SkiptonEngland 
Greensboro NC
Texas USA
Northern Virginia
New York via Tennessee
PLANET EARTH
Henderson NV
Washington DC
Where the last tree stands 
Europe
United States
 Texas
California
Россия Москва Russia Moscow
Diamond Bar California
Portland OR
Columbus Ohio
PDX  ✈️ SEA ✈️ CPH
South Lake Tahoe CA
Hudson Valley NY
USA Bolivia
Chi town....that windy city 
US-Pakistan-Australia
Northern CA
Tu cola
Vancouver BC
New York NY
New York USA
New York USA
TEXAS!
San Francisco CA
Kauai HI
Maryland
Iowa usa
Boston/Ithaca
Three Pins Ealing London
Silver Spring MD
Virginia USA
Playerpalace 
Belgium
St. Louis MO
Behind the Red Door{Tree Hill}
everywhere
Brewtown/MIlwaukee WI
Seattle WA
follows = faves ;}
USA
Decatur GA
New Jersey
Seattle WA
Probably at your moma house 
United States
New York City
Morristown TN
LivingInMyOwnReality
nj
Manhattan Earth
Ottawa Ontario
Lincoln R.I
Cochran GA. 
Amsterdam The Netherlands
memphis tn
Midland 
Fort Lauderdale
Mostly at the gym lifting shit
Monroe LA
Texas
Orlando FL
Mars
Bikinis Bottoms 
Ohio
Phoenix AZ
United States
the earth
Dallas TX
Brooklyn NY
Ireland/Glasgow
CarlsbadNM
Milwaukee WI
United States
Planet Earth United States of America
Fremont CA
New YorkNY
City Of Fallen Angels
somewhre i have never traveled
Bellflower CA
Houston TX
Ireland
Red State USA
Washington DC
Show Me State 
Nebraska 
Laramie WY
Canada
United States
USA
Albq NM
New Hampshire USA
Dallas Texas
Curaçao
Austin TX
Austin TX // Boulder CO
Naples Florida
North Carolina USA
Portugal
HIDDEN BUNKER
Lille France
Eugene Oregon
Washington DC
MD
Lacey WA
Miami FL
Washington DC
Kansas USA
Texas USA
Toronto
Lubbock TX
Pennsylvania
Chicagoland
Brooklyn NY
Los Angeles CA
Albq NM
THE PRINTERVERSE
San Francisco CA
San Bruno CA
Chicago IL
Global
Florida USA
New York USA
San Francisco CA
Dallas TX
RevolutionFrontLines
Newcastle upon Tyne
Hebron NE
here & there.
Los Angeles CA
MelbourneAustralia
Tampa Bay FL
Azania (South Africa)
Utah USA
T E X A S
 A Lady With A Purpose
Forever at the beach
bham
Cambridge Massachusetts
Washington D.C.
Lansing MI
Den Haag
Oklahoma
Montreal Canada
Not Living In A Tower
Miami FL
riippumaton henki
New York City
Lakes Area of Southeast Michigan
In Celtic Land 
Around
Luxemburg
PDX in TX
USA
Pratovecchio Toscana
New York NY
South Jersey
Fall River MA
Everywhere USA
Los Angeles CA
Sheffield England
San Francisco CA USA
Leona Valley California
Indianapolis IN
Florida USA
 A Lady With A Purpose
arizona
Menifee CA
Vancouver BC
Galway Ireland 
Ottawa Ontario
In her heart.
Texas
New York NY
South Africa
San Diego
Earth
Tree Hill North Carolina
San Diego CA
Room 7609
Portland OR
Brussels
Angeville
 A Lady With A Purpose
Texas USA
Diaspora USA
los angeles ca
nonya bidness
Blacklivesmatter
with the clone club
Shingal/ Lalish//Ezidxan 
Natick MA
Toronto
Canada
Dallas TX
Our House
Los Angeles CA
Blacklivesmatter
London ON
London/LA
Washington USA
 A Lady With A Purpose
USA (for now)
Sweden
Westchester IL
City of Trees
Norcross Georgia
Los Angeles CA
 A Lady With A Purpose
Madison Wisconsin
Köln Deutschland
Colorado USA
Madison Wisconsin
Colorado USA
Michigan USA
Chicago IL
United States
Denver CO
Halifax NS
Charlotte NC
Mount Gambier South Australia
 A Lady With A Purpose
Australia
somewhere in Adventureland
San Francisco California
Wyoming USA
Scotland
Charlotte NC 
where? on my own world
Playerpalace 
United States
New York City
The Milky Way
Montpellier France
Washington DC
Halifax NS
London
San Diego CA
Chicago
Florida
London England
Dublin City Ireland
VA
Philadelphia PA
Denmark - Copenhagen North
United States
Burbank CA
Turn off Notifications! Boom!
Thousand Cuts
follows = faves ;}
Los Angeles
UK
Birmingham England
Jacksonville FL
U.S.
Charleston SC
Canada
Space
Howell Michigan
Bedford
Arcadia CA
Worldwilde
Daytona Beach Florida
California USA
Hollywood MD
Stockholm
Unceded Coast Salish territory
United States
Southaven MS
Los Angeles CA
SecondLife
Belleville IL
Envigado Antioquia
The Great State of Texas
New York NY
NYC Secret Locations Igloo 
Massachusetts USA
BLUE in a red state
Somerset UK
Harvard University
DaytonOhio
MAGA
FRANCE
Miami FL
Playerpalace 
NYC Secret Locations Igloo 
Port Royal FL
Los Angeles CA
Wilton Manors FL
Texas USA
USA
Enugu Nigeria
WORLDWIDE via New York City 
Lahore Pakistan
Canaduh
Mumbai..mostly
SF Bay Area CA 
Germany
Mesa AZ
South Africa 
TWP NJ
Layin in the weeds
Steve aoki follows
München Bayern
United States
Dallas Texas
North Carolina USA
Denmark 
Liverpool England
Cambridge MA
Farmington Hills MI
This is a State of Grace
London
Milwaukee WI
Charlotte NC
New York USA
Spokane Valley WA
Earth
South USA
Reality
Pearl River LA
United States
North America
Denver
United States
North Carolina
Delran New Jersey
New Jersey USA
Niagara Canada
Dallas TX
Already Great America
202 adjacent
Canada
Canadian prairies
United States
Normal IL
Kentucky USA
Wisconsin USA
United States
Boston MA
Santa Barbara CA
United States
newengland australia • UTC+10
Chicago
Portlandia OR
202 adjacent
USA
Earth
Earth
Earth
Earth
Earth
Colorado USA
Upstate Manhattan
Earth
England
Florida USA
Earth
Earth
Fair-to-Middlin GA
United States Of America
The Batcave Gotham City
Melbourne Australia
NORTHWEST 
Camp Hill PA
UK
Norfolk Virginia
Slovak Republic
Los Angeles CA
Washington DC
Treaty 6 territory (yeg)
Houston TX
Arizona USA
Portland OR
 London UK - Worldwide 
Mars
McMaster University
United States
Houston TX
Washington DC
England
New York
Burbank CA
orland  reno
Delran New Jersey
United States
Kansas City
Chicago Area IL
New York NY
United States
Nottingham UK
Argentina
Poudlard
Arlington WA
Houston TX
Cincinnati OH
ohio
National City CA USA
Las Vegas NV
Los Angeles CA
Alaska USA
USA
Wheatland WY
Indiana
Nevada City CA
Charlottesville VA
Ft Worth TX/Bellinghm WA
montreal
Washington DC
Blue town Red state
By the lake....
Cincinnati
Nevada City CA
Nice France
Melbourne Australia
Los Angeles
Los Angeles
Southern California
Los Angeles CA
Connecticut
202 adjacent
NYC
Healthy America
Eastchester NY
Birmingham Alabama
Proud Washingtonian (Seattle)
California USA
USofA
Desert Southwest
Your brain
Arlington WA
Themyscira ex-matriate
Ohio USA
Niagara Region Canada
Aarhus Denmark
jersey trash
Colorado USA
Minneapolis MN
Anderson !n.
Chicago Illinios
Greenwich CT
United States
Mind your business USA
Republic City
United States
Dublin City Ireland
Washington DC
Orange Park FL
Glasgow Scotland
In my own little world
Seattle WA
Texas USA
Chicago IL
Chicago IL
ÜT: 38.921329-77.023548
New York NY
Halifax Nova Scotia
Kansas City MO
New York NY
Etterbeek (B) Hannover (D)
Deep in the Hills
chicagoIllinois
Virginia USA
Dublin City Ireland
myrtle beach 
Bangalore India
California USA
Toronto Ontario
202 adjacent
Toronto Ontario
Florida
Small town USA
Atlanta GA
USA
גלות
Houston Tx
Belfast Northern Ireland
Calgary Alberta
Köln Deutschland
NORTHWEST 
Seattle WA
iPhone: 51.000454-0.378065
San Francisco California
Hollywood
San Francisco CA
California USA
Texas
Texas
London England
Washington DC
Miami Florida
Oval London
Shaker Heights OH
london
plymouth UK 
Los Angeles
In my own little world
New York USA
Chicago IL
Cardiff UK
Wilmette IL
Washington USA
San Francisco CA
Santa Fe New Mexico
Ottawa
Philadelphia PA
Graz Austria
UK
Sandusky OH
Yellow Springs OH
France
canada
California USA
Huntsville AL
Springboro Oh
my ass
Winchester IN 
Maple Ridge B.C.
Canada
Philadelphia PA
Liverpool
United States
Somewhere in Oklahoma...
New York NY
Let ya know when I get there:)
OR USA
Upstate NY
Baltimore MD USA
Oakland  Atlanta
Boston MA
Wyoming USA
Los Angeles CA
San Francisco CA
Asheville NC
England
bolton uk
On the Gulf Stream
small town Minnesota
Schenectady NY
nj devils
Resist
Italy
Anaheim CA
Texas USA
Just above sea level - usually
Berlin Deutschland
Columbia Falls MT
Natick MA
Right behind you 
Rancho Santa Margarita CA
Natick MA
Planet Earth underwater
Paris France
Vancouver BC
Carlsbad CA
 USA
Columbus OH
Dartmouth Massachusetts
South Philly 
Los Angeles CA
The woods
St. Louis Missouri
United States
New York NY
Houston TX
Atlanta Georgia USA
Jhb (now) CT (later)
Los Angeles CA
Global and Online
Brooklyn
Miami fl
Professor Xaviers Mansion
Lima Pérou
France
где-то в твоей голове
www.dgproduct.com
USA
Washington DC
Georgia USA
Raleigh NC
Tennessee
Oakland usually...
a galaxy of misinformation
Los Angeles CA
Los Angeles CA
Oakland usually...
Kasoor
New York NY
The Queen City
Louisville KY
Los Angeles
Baltimore City MD
Anywhere  USA
Washington DC USA
San Francisco Bay Area
United States
Shreveport-Bossier LA
Stockholm
United States
Lancaster England.
On the Gulf Stream
New York NY
Gloucestershire
Maine USA
Chapel Hill NC
Minnesota USA
United States
Washington DC
Suffolk VA
United States
North Dakota
Madrid España
Pennsylvania USA
Minnesota USA
H-Town
Venezia 
Derby KS
SF/NYC/BOULDER
Washington DC
In the sky of million stars
LondonUK
Earth
Washington D.C.
Where He leads me I follow 
Paris Ile-de-France
Iowa
New York USA
Berkeley CA
Ohio USA
Tennessee USA
New York NY USA
Chicago IL
United States
Kansas City
Coeur dAlene ID
R. Empire & A. Asylum 
New York NY
the starz
Portland OR
Florida
thetopofteworld
Liveaboard in Florida USA
GeeksResist Headquarters
Providence RI
United States
Ashill England 
Denmark 
Brooklyn NY | Worldwide
Baltimore MD
New York City
Islip New York
Fairborn OH
N 41°0 0 / W 95°53 0
N 41°0 0 / W 95°53 0
Whileaway
Abuja
Scotland Ireland and beyond!
Liverpool
Scotland Ireland and beyond!
South Carolina USA
Texas USA
Washington DC
Arkansas
Arlington WA
Washington USA
Philadelphia PA 
CONKLIN NY.
NYC
Alabama USA
Fort Worth TX
United States
Boynton Beach Florida
The Haque
London Town
Virginia
South Florida
Arlington WA
Rheinland-Pfalz Deutschland
stone louse
Tennessee USA
Texas Forever
Avengers Mansion NYC
Toronto
London/Salford/Glasgow
Way Out West
Florida
lesbian
Washington DC
United States
Sterling VA
riverdale 
Portland OR
Washington D.C.
Circling a Dwarf Nebula
British Columbia Canada
Washington DC
Philadelphia PA
Nottingham England
USA
San Gabriel Valley
KY | CT
United States
A blue dot in middle of red 
detroit mi
New York
Dallas Texas
Madrid
San Marcos TX
Boston MA
Nassau Bahamas - Los Angeles
New Jersey USA
United States
columbus ohio
New York New York
La Grange NC
Baturaja - South Sumatera
United States
Mexico
Liverpool
Michigan USA
Oswego NY
Albany NY
Port St. Lucie Florida
Lives In Talmage.
501
Bombay
Denver
Brook Park Ohio
501
Unionville Ontario
Sedona AZ
Ireland
Los Angeles CA
Isle of Man
Virginia Beach VA
Indianapolis IN
Los Angeles
Los Angeles
Los Angeles CA
Southern California
Underground Bunker
Charlotte NC
Corpus Christi Texas
canada
Netherlands - Gouda
Massachusetts USA
Pennsylvania
Tucson AZ
Atlanta GA
Halifax NS
Seattle Washington
Canada
Portland
San Diego CA
Portland Oregon 
Toronto Ontario
midwest
Hollywood
Metro West Boston MA
Philadelphia PA
England
North America
Minnesota USA
Gamle Oslo
CedartownGeorgia
London
New York City
Florida USA
NY | SF
Virginia
USA
Central Texas
USA
Mike Stuchberys Head UK
Atlanta Georgia
Everett WA
Whenever I feel like it
Western Massachusetts
Tampa Bay FL
California. The best ever.
Chicago IL USA
the deep south
Middletown CT
Kansas City MO
New Orleans
Stroud England
Chesterfield England
Washington D.C. 
Lindenhurst new york
News/Politics/Business/Tech
Huntsville AL
Detroit MI
USA
USA
USA
USA
Washington DC
Texas USA
 A Lady With A Purpose
Toronto/Sunshine Coast BC 
NC
Lake Dallas Texas
Mill Creek WA USA
Maryland USA
West Coast USA
Omaha Nebraska
nonyabizness
Exeter PA
Private Crime-Detecting Star
my hearts in Queensland
nyc
Worldwide
on Twitter
Pennsylvania
Arizona USA
Washington DC
Sag/Aftra OWNAmbassador in LA
In my head
Toledo Ohio
Chicago
England United Kingdom 
Columbus | Nashville
New York
San Francisco CA
Toronto
NNY
Palm Bay FL
Tacoma WA
Los Angeles CA
USA
United States
Portland OR
NE Ohio
NoWhere Inparticular
 USA
North Dakota
United Kingdom
New York City
On a Troll Stroll in Chicago 
Columbus OH
San Miguel Argentina
Made in Maine
St Louis MO
Utah USA
Maui
somewhere on the planet
San Antonio
Possibly in Ohio. 
New Jersey USA
Flushing Queens NYC
Brasil
Dallas/Ft. Worth TX
NYC
Dallas TX
Belfast Northern Ireland
North Carolina
Canada 
Houston TX
Etterbeek (B) Hannover (D)
United States
Dallas TX
Beltsville Maryland USA
Evansville In
Brooklyn NY
New York City/Washington DC
Ontario
Israel
Valley NE
Washington
U S of A
Concord NH
Toronto Canada
Illinois USA
Delran New Jersey
Jersey girl
Wilmington NC
South Wales NY
jersey trash
Sverige
idk probably at a concert 
idk probably at a concert 
Alexandria VA
Montana
idk probably at a concert 
Newark Delaware
Montévrain France
Украина
New York USA
Bangalore
Massachusetts
Colorado
Slovak Republic
Cambridge UK
United States
UBCMedicine Vancouver Canada
Nanaimo British Columbia
Montgomery AL
Arizona
Murrieta Ca. USA
Corpus Christi TX
Washington USA
Tree Hill
nationwide
Georgia
uglyalabama
Indianapolis IN
North Carolina USA
Epping Forest Essex England
Wien
Hampton NH
Tennessee USA
MSIGTS
MSIGTS
Utah USA
United States
Singapore
tulsa ok
United States
TARDIS
Frisco CO
Los Angeles CA
California
Illinois USA
United States
United States
Florida
Los Angeles CA
Kremlin day spa
Cambridge MA
Belleville IL
Wandering Worldwide 
Toronto Canada
NY and Europe
Idaho USA
Beach or Bust!
Denver CO
Minnesota USA
Colorado USA
Epizentrum d.Hipsterfertilität
United States
xʷməθkʷəy̓əm territory
Forest of Dean
New York USA
New York USA
LA 
Georgia
The Kremlin CA
London W4
Wyoming USA
The world in the Universe
sharpsvillepa
Toulouse France
United States
Florida
California USA
London
Calgary/YYC/Treaty7 in Canada
The Truth
tofudome413
SF Bay Area
127.0.0.1
new Iceland
Chicago and The World
California USA
Las Vegas NV
MIssouri
London
Bicester England
Los Angeles California
a turntable somewhere.
Los Angeles CA
Tuscaloosa
Dublin Bay North
California USA
28.40751577.044187
Indianapolis IN
Wheat Ridge Colorado
Latin America/Caribbean
Victoria BC
Covington KY
San Francisco CA
Washington D.C.
Narnia
Washington DC
Fingal Ireland
United States
Raleigh NC
United States
California
Overland Park KS
Wolcott ct
a turntable somewhere.
Toronto
Chicago IL
a turntable somewhere.
CT
Greater HoustonTexas USA
las vegas
Oklahoma City OK
Toronto Ontario 
Kanazawa.Ishikawa.JAPAN
Oregon
Vancouver Canada
Oh Canada!
Lyon France
Florida
Scarborough
Richland WA
NYC U.S.
Tampa FL
United Kingdom
Gotham
Houston TX
Macon GA
Screwface Capital
501
Iowa USA
Earth
Chicago
337225713
Los Angeles CA
Iowa USA
florida
Madrid Comunidad de Madrid
Omaha Nebraska
a turntable somewhere.
Iowa
Benin city Nigeria
Land O Lakes FL
Key West FL
Bury St Edmunds Suffolk UK
United States
Manchester
Preston UK
Las Cruces NM
Santa Cruz de Tenerife Islas 
Paris France
Mobile Bay
Brooklyn NY
Columbus Ohio
Houston TX
South West England
Bloomington IN
17th Century London
Largo Florida USA
Washington DC
Stars Hollow
United States
Talavera de la Reina
Toronto
Wisconsin USA
Colorado
Toronto Ontario
At the bar ordering chaos
Illinois USA
Honolulu HI
Washington DC
Philadelphia PA
Tenderloin Heights SF
Lost in chaos
ÜT: 31.717705-106.413507
United States
New York NY
California
Lost in the woods
Northern California
Belleville Illinois
Chicago
Jefferson City MO
Earth
San Francisco Bay Area CA USA
Latrobe PA
Louisiana
Phoenix AZ
San Marcos TX
Tennessee
Germany
New York NY
Lost in chaos
Rotterdam Nederland
Ret. NY Italian Banker Now Fla
London
East Anglia
Earth
San Diego CA
Detroit Based Publication
North East England
Tennessee
Yorktown IN
United States
Tennessee
Westlake Village CA
Washington USA
rooted in the basics of life
Portland OR
Somerville MA
Oranjemund
oth || glee || tw || ga || ouat
provincia di Padova Italy
Pennsylvania USA
Bengaluru India
Myrtle Beach SC
USA
a turntable somewhere.
lonely in lace
Argyle TX
United States
Planet Earth
Largo Florida USA
Colorado USA
Largo Florida USA
Durham NC
Church of the Dead Dad
United States
Boston MA
Aix-la-Chapelle North Rhine-Westphalia
Glasgow Scotland
Ukraine/Russia
Greater Chicago area
Baton Rouge LA
Small Town USA
NEW ENGLAND  USA
United States
North Carolina United States
Dallas TX
Bloemfontein South Africa
Kalamazoo Michigan
USA
Charlottesville VA
Earth
Vancouver
Capital Region New York
Gainesville FL
North East England
Earth
Buenos Aires Argentina
New Orleans
Portland OR
United Kingdom
Portland OR
Portland Oregon
Toronto Ontario Canada
Idaho USA
somewhere down the crazy river
Texas USA
ÜT: 38.975121-76.888847
The Big Apple
Big Island Hawaii
Cambridge UK
Cambridge UK
Dallas TX
United States
Sonoma County
Utah
Orange Park FL
Davis CA
Buenos Aires Argentina
Pennsylvania USA
Lane 6
Владивосток Россия
Los Angeles
Essen Nordrhein-Westfalen
Wien Österreich
Arlington VA
Austin TX
Currently: Philippines
Canada
Katy TX
brampton
Westerville OH
New York NY
Berkeley CA
Dronfield England
United States
Dallas TX
Louisville KY
Sheffield England
Breda Nederland
Hampton NH
California USA
France
United States
North Carolina USA
Chicago Illinois
Delran New Jersey
361 214
Oregon
Detroit MI
Earth
1180849 readers
Northern California 
Not Here
Hessen Deutschland
SF Bay Area CA
USA
Virginia Beach VA
Denmark 
Slovak Republic
San Francisco CA
Hamburg Germany
drowning under stress
Denver CO
Dallas TX
Boston MA
Le Bourget Ile-de-France
United States
United States
Jersey
Tumblr fuckyeahakshaykatrina
Planet Earth
Sacramento CA
Iowa USA
New York NY USA
Los Angeles CA
Columbus Ohio USA
New York
oth || glee || tw || ga || ouat
Rhode Island
Colorado Springs CO
United States
Denver CO
Lagos Nigeria
Porto Alegre
Upper Left USA
Toronto
Eindhoven The Netherlands
The World
Boston/Mattapan MA
Indianapolis IN
Las Vegas NV
Pittsburgh PA
New York NY
Dallas TX
Oklahoma City OK
Washington D.C.
 Brayview Farm 
Pittsburgh PA
London Stourbridge Dundee
Oklahoma City Oklahoma
richmond. indiana
Los Angeles and NYC
New York
Madison Wi
lawrence KS
Lake Norman NC
Nor Cal Chicago Port Antonio
Nor Cal Chicago Port Antonio
Idaho USA
New Jersey
A parallel universe
City of the most High
Freehold nj
portland
Raleigh NC
New York
earlham
Lane 6
Hollywood South
Vermont
Viña del Mar Chile
Iowa yes Iowa. Turn it blue.
Dallas TX
Look at my Header Photo
Unknown
Johannesburg
Joinville-Le-Pont France
Fortaleza Brasil
Massachusetts USA
India
California USA
Chicago
Trieste
The River Court
Mc Minnville Tennessee
Springboro Oh
California USA
Orange County CA
Pittsburgh PA
on a ridge overlooking Twitter
everywhere youre not
Los Angeles
Nowhere (Middle)
Arizona USA
Milton Fl.
Dallas TX
instagram.com/cupcakethighs
Michigan
IG:  1CoffeeBreak
Los Angeles CA
The Tropics.
New York
Florida USA
heaven of fools
New York New York
Glasgow
California
Pittsburgh PA
27.1167° 109.3667°
Atlanta New York Los Angeles
Peoria
Denver CO
Bloomington IN
Grey-Sloan Memorial hospital 
Hot Springs AR
they/them unless were friends
Pittsburgh
Made in the USA
Texas
Global
New York
Copenhagen Denmark
St. Johns NL
Texas USA
District 3 Panem
United States - KumariCrew 
Wherever I am.
Rhode Island
Guangzhou China
Witch City
England United Kingdom
New Jersey USA
Dortmund Germany
California
USA.
Hyderabad India
North Carolina USA
New York
Dallas TX
Colorado USA
Denver CO
New York USA
Outerspace
Places.
Drammen Norway.
New York
Palm Beach FL
san francisco 
LansdalePennsylvania
Bucharest Romania
Liverpool England
Krakow
Vancouver British Columbia
Texas
Santa Fe NM
Campinas SP
Cambridge UK
Virginia
USA.
GlobalCitizen
Porter Ranch Los Angeles
Milan Italy 
Roaming NY DE CA DC or OK 
a turntable somewhere.
Alingsås Sweden
San Francisco USA
Brazil
Merica!
Lahore Pakistan
North Carolina USA
California
Elkridge Maryland
Los Angeles CA
Palmdale CA
Maine USA
NY
California
California USA
Holland MI
Dallas TX
Washington DC
Upland CA
Austin Texas
Columbus OH
Houston TX
Ardmore OK
Carlsbad California
Harare Zimbabwe
New York
USA
On the road
Edinburgh Scotland
I dunno.
Maryland USA
Iowa
California USA & Rincon P.R.
Ireland
Dallas TX
fb.com/demokratischeseuropa
California
Dallas TX
Where LOVE+PeaceResideMWorldGA& CARE+Compassion+Solidarity Will HealTheWorld🤟FREEDOM+Progress+ECOLOGYStop ClimateChange
AKA Caitrionation OutlandishBos OutlandishGath
Berlin Germany
USA
Washington State
California
Bonn Germany
Washington DC
www.mqup.ca/omar-khadr--oh-can
Liverpool England
Timmins Ontario
Australia
Dallas TX
Alberta
GlobalCitizen
Las Vegas NV
Wilmore Ky. & Evanston Ill.
Newport News VA
Pro-Human... Earth 
Chicago IL
Chicago
New York USA
Clarinbridge Co. Galway
Halifax Nova Scotia Canada
Chicago IL
Universe
Colorado USA
Oakland usually...
Tiny drop of blue in Red state
Around The Globe
Gaithersburg MD
Livingston NJ
Andoria
Chicago IL
•h&l•TMHT-24.02.13•
Jersey
San Mateo CA
Chicago Illinois
Kenya
Dallas TX
New York NY
New Haven CT
los Angeles CA
Mission Viejo CA
Los Angeles CA
Cardiff Wales
Dendermonde Belgium
702
PA
Ventura CA
Stockholm Sverige
Los Angeles CA
Reality
Oakland usually...
Greater Denver Area Colorado
Los Angeles CA
Washington DC
worldwide
Maryland
Lagos Nigeria
USA
Los Angeles CA
Ireland
Southwest 
Chicago IL
Portland OR 
Los Angeles California
England United Kingdom
Montreal QC
Denver CO
Earth
Mundão
Washington DC
Worldwide
Chicago IL
Massachusetts
California USA
Washington
CANADA
Los Angeles CA
Love
Portland Or.
Farmington Hills Mi
Virginia USA
San Francisco
United States
Indianapolis Indiana
Sterling VA
Shanghai..NYC...Arabia? OKC
Upland CA
New. Haven CT
Oceania
England United Kingdom
Washington D.C.
Not Found
Augusta GA
Tennessee USA
United States
Upland CA
Ukraine
Upland CA
Upland CA
wisconsin
India
Belgium
75081
Karachi
Calif
Chicago IL
Chicago IL
Hollywood Los Angeles
Scotland
Texas USA
Arizona USA
PLANET ROCK 
In a sweater
United States
San Diego CA
Philadelphia PA
Gettysburg PA
Sheboygan WI
your couch at the last minute 
Santiago de Chile
Pietermaritzburg South Africa
California USA
Upland CA
Upland CA
Upland CA
Los Angeles CA
Los Angeles CA
Denmark 
Upland CA
